{"stats":{"minecraft:killed_by":{"minecraft:player":1},"minecraft:picked_up":{"ars_nouveau:worn_notebook":1,"alexsmobs:animal_dictionary":1},"minecraft:custom":{"minecraft:jump":64,"minecraft:time_since_rest":1831,"minecraft:deaths":1,"minecraft:damage_dealt":466,"minecraft:crouch_one_cm":246,"minecraft:walk_on_water_one_cm":110,"minecraft:sprint_one_cm":23670,"minecraft:play_time":3868,"minecraft:damage_taken":253,"minecraft:time_since_death":1793,"minecraft:walk_one_cm":12762,"minecraft:sneak_time":19,"minecraft:total_world_time":3868,"minecraft:fall_one_cm":267,"minecraft:fly_one_cm":11114,"minecraft:player_kills":1}},"DataVersion":3120}