{"stats":{"minecraft:killed_by":{"minecraft:player":1},"minecraft:used":{"minecraft:crafting_table":1,"alexsmobs:animal_dictionary":1},"minecraft:mined":{"minecraft:grass_block":2,"minecraft:dirt":2,"minecraft:spruce_log":6},"minecraft:crafted":{"minecraft:crafting_table":1,"minecraft:spruce_planks":24,"minecraft:stick":8,"minecraft:wooden_pickaxe":1},"minecraft:picked_up":{"minecraft:spruce_log":6,"minecraft:dirt":2},"minecraft:custom":{"minecraft:time_since_rest":2698,"minecraft:crouch_one_cm":421,"minecraft:play_time":5094,"minecraft:sprint_one_cm":8979,"minecraft:walk_one_cm":17028,"minecraft:damage_taken":459,"minecraft:deaths":1,"minecraft:sneak_time":57,"minecraft:jump":141,"minecraft:damage_dealt":235,"minecraft:time_since_death":2673,"minecraft:total_world_time":5094,"minecraft:interact_with_crafting_table":1,"minecraft:fall_one_cm":629,"minecraft:fly_one_cm":39545,"minecraft:player_kills":1}},"DataVersion":3120}