{"stats":{"minecraft:used":{"alexsmobs:animal_dictionary":1,"minecraft:spruce_planks":1,"minecraft:spruce_log":1},"minecraft:mined":{"minecraft:spruce_log":11,"minecraft:spruce_leaves":4},"minecraft:dropped":{"ars_nouveau:worn_notebook":1,"alexsmobs:animal_dictionary":1},"minecraft:crafted":{"minecraft:crafting_table":1,"minecraft:spruce_planks":40,"minecraft:stick":36},"minecraft:picked_up":{"minecraft:spruce_log":11},"minecraft:custom":{"minecraft:time_since_rest":6181,"minecraft:crouch_one_cm":311,"minecraft:sprint_one_cm":5204,"minecraft:play_time":6181,"minecraft:damage_taken":16,"minecraft:walk_one_cm":7586,"minecraft:sneak_time":162,"minecraft:walk_under_water_one_cm":39,"minecraft:drop":2,"minecraft:jump":30,"minecraft:damage_dealt":11,"minecraft:time_since_death":6181,"minecraft:leave_game":1,"minecraft:walk_on_water_one_cm":587,"minecraft:total_world_time":6181,"minecraft:swim_one_cm":339,"minecraft:fall_one_cm":209,"minecraft:fly_one_cm":9116}},"DataVersion":3120}